"id","house","name","ml","tipo","precioUSD"
"1","AFNAN","Afnan 9 AM","100","Eau de Parfum","40"
"2","AFNAN","Afnan 9 AM Dive","100","Eau de Parfum","40"
"3","AFNAN","Afnan 9 PM","100","Eau de Parfum","40"
"4","AFNAN","Afnan Supremacy Collector's Edition Pour Homme","100","Eau de Parfum","60"
"5","AFNAN","Afnan Turathi Blue","90","Eau de Parfum","45"
"6","AL HARAMAIN","Al Haramain Amber Oud Carbon Edition","60","Eau de Parfum","55"
"7","AL HARAMAIN","Al Haramain Amber Oud Dubai Night","75","Eau de Parfum","65"
"8","AL HARAMAIN","Al Haramain Amber Oud Gold Edition","120","Eau de Parfum","55"
"9","AL HARAMAIN","Al Haramain Amber Oud Gold Edition","200","Eau de Parfum","95"
"10","AL HARAMAIN","Al Haramain Amber Oud Gold Edition","60","Eau de Parfum","55"
"11","AL HARAMAIN","Al Haramain Junoon Rose","75","Eau de Parfum","65"
"12","ANTONIO BANDERAS","Antonio Banderas Blue Seduction Woman","200","Eau de Toilette","35"
"13","ANTONIO BANDERAS","Antonio Banderas Her Golden Secret","80","Eau de Toilette","25"
"14","ANTONIO BANDERAS","Antonio Banderas Her Secret Absolu","80","Eau de Toilette","25"
"15","ANTONIO BANDERAS","Antonio Banderas Her Secret Desire","80","Eau de Toilette","25"
"16","ANTONIO BANDERAS","Antonio Banderas Her Secret Temptation","80","Eau de Toilette","25"
"17","ARMAF","Armaf Aura","100","Eau de Parfum","35"
"18","ARMAF","Armaf Checkmate Queen","100","Eau de Parfum","55"
"19","ARMAF","Armaf Club de Nuit Blue Iconic","105","Eau de Parfum","55"
"20","ARMAF","Armaf Club de Nuit Intense","105","Eau de Toilette","40"
"21","ARMAF","Armaf Club de Nuit Maleka","105","Eau de Parfum","50"
"22","ARMAF","Armaf Club de Nuit Man","105","Eau de Toilette","70"
"23","ARMAF","Armaf Club de Nuit Milestone","105","Eau de Parfum","50"
"24","ARMAF","Armaf Club de Nuit Précieux I","55","Eau de Parfum","70"
"25","ARMAF","Armaf Club de Nuit Sillage","105","Eau de Parfum","50"
"26","ARMAF","Armaf Club de Nuit Urban Elixir","105","Elixir","70"
"27","ARMAF","Armaf Connoisseur Man","100","Eau de Parfum","50"
"28","ARMAF","Armaf Connoisseur Women","100","Eau de Parfum","45"
"29","ARMAF","Armaf El Cielo Pour Homme","100","Eau de Parfum","35"
"30","ARMAF","Armaf Hunter","100","Eau de Parfum","35"
"31","ARMAF","Armaf Hunter Intense","100","Eau de Parfum","35"
"32","ARMAF","Armaf Island Bliss","100","Eau de Parfum","60"
"33","ARMAF","Armaf La Rosa","100","Eau de Parfum","35"
"34","ARMAF","Armaf Odyssey Aoud","100","Eau de Parfum","45"
"35","ARMAF","Armaf Odyssey Artisto","100","Eau de Parfum","35"
"36","ARMAF","Armaf Odyssey Bahamas","100","Eau de Parfum","60"
"37","ARMAF","Armaf Odyssey Black Forest","100","Eau de Parfum","60"
"38","ARMAF","Armaf Odyssey Candee","100","Eau de Parfum","35"
"39","ARMAF","Armaf Odyssey Dubai Chocolat","100","Eau de Parfum","35"
"40","ARMAF","Armaf Odyssey Eau de Montagne","100","Eau de Parfum","60"
"41","ARMAF","Armaf Odyssey Femme","100","Eau de Parfum","35"
"42","ARMAF","Armaf Odyssey Go Mango","100","Eau de Parfum","45"
"43","ARMAF","Armaf Odyssey Homme","100","Eau de Parfum","40"
"44","ARMAF","Armaf Odyssey Homme White Edition","100","Eau de Parfum","40"
"45","ARMAF","Armaf Odyssey Limoni Fresh","100","Eau de Parfum","35"
"46","ARMAF","Armaf Odyssey Mandarin Sky","100","Eau de Parfum","70"
"47","ARMAF","Armaf Odyssey Mandarin Sky Elixir","100","Elixir","70"
"48","ARMAF","Armaf Odyssey Mega Man","100","Eau de Parfum","35"
"49","ARMAF","Armaf Odyssey Revolution","100","Eau de Parfum","45"
"50","ARMAF","Armaf Odyssey Spectra","100","Eau de Parfum","35"
"51","ARMAF","Armaf Odyssey Tyrant Special Edition","100","Eau de Parfum","35"
"52","ARMAF","Armaf Tag Her","100","Eau de Parfum","45"
"53","ARMAF","Armaf Tag Him","100","Eau de Parfum","45"
"54","ARMAF","Armaf The Pride of Armaf for Women","100","Eau de Parfum","45"
"55","ARMAF","Armaf Tres Jour Pour Femme","100","Eau de Parfum","45"
"56","ARMAF","Armaf Tres Nuit","100","Eau de Parfum","45"
"57","ARMAF","Armaf Ventana Pour Homme","100","Eau de Parfum","45"
"58","BENETTON","Benetton Hot Gold","100","Eau de Toilette","15"
"59","BENETTON","Benetton Sisterland Green Jasmine","80","Eau de Toilette","30"
"60","BHARARA","Bharara Champagne Pink","100","Eau de Parfum","45"
"61","BHARARA","Bharara King Eau de Parfum","100","Eau de Parfum","100"
"62","BHARARA","Bharara King Parfum","100","Parfum","100"
"63","BHARARA","Bharara Onyx","100","Eau de Parfum","90"
"64","BHARARA","Bharara Rome Pour Femme","100","Eau de Parfum","45"
"65","BHARARA","Bharara Rome Pour Homme","100","Eau de Parfum","40"
"66","BRITNEY SPEARS","Britney Spears Circus Fantasy","100","Eau de Parfum","30"
"67","BRITNEY SPEARS","Britney Spears Curious","100","Eau de Parfum","30"
"68","BRITNEY SPEARS","Britney Spears Fantasy","100","Eau de Parfum","30"
"69","BRITNEY SPEARS","Britney Spears Hidden Fantasy","100","Eau de Parfum","30"
"70","BRITNEY SPEARS","Britney Spears Midnight Fantasy","100","Eau de Parfum","30"
"71","BVLGARI","Bvlgari Aqva Pour Homme Marine","100","Eau de Toilette","155"
"72","BVLGARI","Bvlgari Man in Black","100","Eau de Parfum","150"
"73","CACHAREL","Cacharel Anaïs Anaïs L'Original","50","Eau de Toilette",""
"74","CALVIN KLEIN","Calvin Klein CK IN2U for Her","100","Eau de Toilette","30"
"75","CALVIN KLEIN","Calvin Klein CK One Shock for Her","100","Eau de Toilette","30"
"76","CALVIN KLEIN","Calvin Klein Eternity for Women","100","Eau de Parfum","30"
"77","CALVIN KLEIN","Calvin Klein Euphoria","100","Eau de Parfum","30"
"78","CALVIN KLEIN","Calvin Klein Obsession","100","Eau de Parfum","30"
"79","CALVIN KLEIN","Calvin Klein Truth","100","Eau de Toilette","30"
"80","CAROLINA HERRERA","Carolina Herrera Eau de Parfum","100","Eau de Parfum","100"
"81","CLINIQUE","Clinique Happy Heart","50","Eau de Parfum",""
"82","DAVIDOFF","Davidoff Cool Water for Women","100","Eau de Toilette","60"
"83","DIESEL","Diesel Plus Plus Feminine","75","Eau de Toilette","20"
"84","DIOR","Dior Dolce Vita","100","Eau de Toilette","220"
"85","DIOR","Dior Homme 2020","100","Eau de Toilette","220"
"86","DIOR","Dior Homme Intense 2025","100","Eau de Parfum","220"
"87","DIOR","Dior Poison Girl Eau de Toilette","100","Eau de Toilette","150"
"88","DIOR","Dior Sauvage","100","Eau de Toilette","250"
"89","DIOR","Dior Sauvage Elixir","60","Elixir",""
"90","DOLCE & GABBANA","Dolce & Gabbana Devotion Pour Homme","100","Eau de Parfum","130"
"91","DOLCE & GABBANA","Dolce & Gabbana Dolce Peony","75","Eau de Parfum","80"
"92","DONNA KARAN","DKNY Be Delicious","100","Eau de Parfum",""
"93","DUMONT","Dumont Nitro Black","100","Eau de Parfum","45"
"94","DUMONT","Dumont Nitro Blue","100","Eau de Parfum","45"
"95","DUMONT","Dumont Nitro Platinum","100","Eau de Parfum","45"
"96","DUMONT","Dumont Nitro Red","100","Eau de Parfum","45"
"97","DUMONT","Dumont Nitro Red Intensely","100","Eau de Parfum","45"
"98","DUMONT","Dumont Nitro White","100","Eau de Parfum","45"
"99","ELIZABETH ARDEN","Elizabeth Arden Green Tea","100","Eau de Toilette","20"
"100","ELIZABETH ARDEN","Elizabeth Arden Sunflowers","100","Eau de Toilette","25"
"101","EMPER","Emper Ilang 62","100","Eau de Parfum","50"
"102","EMPER","Emper Stallion 53","100","Eau de Parfum","35"
"103","EMPER","Emper The Black 92","100","Eau de Parfum","40"
"104","GIORGIO ARMANI","Giorgio Armani Armani Code Eau de Toilette","75","Eau de Toilette","130"
"105","GIORGIO ARMANI","Giorgio Armani Code for Women","75","Eau de Toilette","130"
"106","GIORGIO ARMANI","Emporio Armani Stronger With You Parfum","100","Parfum","195"
"107","GUCCI","Gucci Bloom","100","Eau de Parfum",""
"108","GUCCI","Gucci Bloom Eau de Toilette","100","Eau de Toilette",""
"109","GUCCI","Gucci Rush","75","Eau de Toilette","90"
"110","GUESS","Guess for Women","75","Eau de Toilette","35"
"111","GUESS","Guess Seductive","75","Eau de Toilette","35"
"112","HALLOWEEN","Halloween for Woman","100","Eau de Toilette","55"
"113","HUGO BOSS","Hugo Boss Boss Orange","75","Eau de Toilette","55"
"114","HUGO BOSS","Hugo Boss Deep Red","90","Eau de Parfum","45"
"115","HUGO BOSS","Hugo Boss Hugo XX","100","Eau de Toilette","40"
"116","ISSEY MIYAKE","Issey Miyake A Drop d'Issey","90","Eau de Parfum","50"
"117","ISSEY MIYAKE","Issey Miyake Pleats Please L'Eau","100","Eau de Toilette","45"
"118","JACQUES SAINT PRÉ","Jacques Saint Pres Ciel","100","Eau de Parfum",""
"119","JIMMY CHOO","Jimmy Choo Flash","100","Eau de Toilette","55"
"120","JO MILANO PARIS","Jo Milano Paris Game of Spades Full House","100","Eau de Parfum","110"
"121","JO MILANO PARIS","Jo Milano Paris Game of Spades Gold","90","Eau de Parfum","120"
"122","JO MILANO PARIS","Jo Milano Paris Game of Spades Rouge","100","Eau de Parfum","110"
"123","KATY PERRY","Katy Perry Mad Love","100","Eau de Parfum","30"
"124","KATY PERRY","Katy Perry Killer Queen","100","Eau de Parfum","45"
"125","KATY PERRY","Katy Perry Meow","100","Eau de Parfum","30"
"126","KATY PERRY","Katy Perry Purr","100","Eau de Parfum","30"
"127","KATY PERRY","Katy Perry Royal Revolution","100","Eau de Parfum","45"
"128","KENZO","Kenzo Amour","100","Eau de Parfum","85"
"129","KENZO","Kenzo Homme Eau de Toilette","110","Eau de Toilette","85"
"130","KENZO","Kenzo World Power","75","Eau de Parfum","95"
"131","LACOSTE","Lacoste Touch of Pink","90","Eau de Toilette","55"
"132","LATTAFA","Lattafa Afeef","100","Eau de Parfum","60"
"133","LATTAFA","Lattafa Ajwad","60","Eau de Parfum","40"
"134","LATTAFA","Lattafa Ajwad Pink to Pink","60","Eau de Parfum","40"
"135","LATTAFA","Lattafa Al Areeq Silver","100","Eau de Parfum","50"
"136","LATTAFA","Lattafa Ana Abiyedh","60","Eau de Parfum","30"
"137","LATTAFA","Lattafa Ana Abiyedh Rouge","60","Eau de Parfum","30"
"138","LATTAFA","Lattafa Ana Abiyedh Scarlet","60","Eau de Parfum","30"
"139","LATTAFA","Lattafa Angham","100","Eau de Parfum","45"
"140","LATTAFA","Lattafa Art of Universe","100","Eau de Parfum","50"
"141","LATTAFA","Lattafa Asad","100","Eau de Parfum","45"
"142","LATTAFA","Lattafa Asad Bourbon","100","Eau de Parfum","45"
"143","LATTAFA","Lattafa Asad Elixir","100","Elixir","45"
"144","LATTAFA","Lattafa Asad Zanzibar","100","Eau de Parfum","40"
"145","LATTAFA","Lattafa Atheeri","100","Eau de Parfum","60"
"146","LATTAFA","Lattafa Atlas","55","Eau de Parfum","40"
"147","LATTAFA","Lattafa Bade'e Al Oud Amethyst","100","Eau de Parfum","35"
"148","LATTAFA","Lattafa Bade'e Al Oud Honor & Glory","100","Eau de Parfum","40"
"149","LATTAFA","Lattafa Bade'e Al Oud Noble Blush","100","Eau de Parfum","35"
"150","LATTAFA","Lattafa Bade'e Al Oud for Glory","100","Eau de Parfum","35"
"151","LATTAFA","Lattafa Bade'e Al Oud Sublime","100","Eau de Parfum","35"
"152","LATTAFA","Lattafa Berry on Top","75","Eau de Parfum","60"
"153","LATTAFA","Lattafa Choco Overdose","75","Eau de Parfum","60"
"154","LATTAFA","Lattafa Confidential Platinum","100","Eau de Parfum","30"
"155","LATTAFA","Lattafa Cookie Crave","75","Eau de Parfum","60"
"156","LATTAFA","Lattafa Eclaire","100","Eau de Parfum","35"
"157","LATTAFA","Lattafa Eclaire Banoffi","100","Eau de Parfum","35"
"158","LATTAFA","Lattafa Eclaire Pistache","100","Eau de Parfum","60"
"159","LATTAFA","Lattafa Ejaazi","100","Eau de Parfum","30"
"160","LATTAFA","Lattafa Eternal Oud","100","Eau de Parfum","35"
"161","LATTAFA","Lattafa Fakhar Black","100","Eau de Parfum","35"
"162","LATTAFA","Lattafa Fakhar Extrait de Parfum","100","Extrait de Parfum","35"
"163","LATTAFA","Lattafa Fakhar Platin","100","Eau de Parfum","35"
"164","LATTAFA","Lattafa Fakhar Rose","100","Eau de Parfum","35"
"165","LATTAFA","Lattafa Haya","100","Eau de Parfum","40"
"166","LATTAFA","Lattafa Hayaati","100","Eau de Parfum","40"
"167","LATTAFA","Lattafa Hayaati Al Maleky","100","Eau de Parfum","40"
"168","LATTAFA","Lattafa Hayaatim","100","Eau de Parfum","40"
"169","LATTAFA","Lattafa His Confession","100","Eau de Parfum","45"
"170","LATTAFA","Lattafa Ishq Al Shuyukh Gold","100","Eau de Parfum","40"
"171","LATTAFA","Lattafa Ishq Al Shuyukh Silver","100","Eau de Parfum","40"
"172","LATTAFA","Lattafa Khamrah","100","Eau de Parfum","35"
"173","LATTAFA","Lattafa Khamrah Dukhan","100","Eau de Parfum","40"
"174","LATTAFA","Lattafa Khamrah Qahwa","100","Eau de Parfum","40"
"175","LATTAFA","Lattafa Lail Maleki","100","Eau de Parfum","40"
"176","LATTAFA","Lattafa Mashrabya","100","Eau de Parfum","40"
"177","LATTAFA","Lattafa Mayar Cherry Intense","100","Eau de Parfum","40"
"178","LATTAFA","Lattafa Mayar Natural Intense","100","Eau de Parfum","40"
"179","LATTAFA","Lattafa Musamam","100","Eau de Parfum","35"
"180","LATTAFA","Lattafa Najdia","100","Eau de Parfum","35"
"181","LATTAFA","Lattafa Najdia Intense","100","Eau de Parfum","35"
"182","LATTAFA","Lattafa Nebras","100","Eau de Parfum","60"
"183","LATTAFA","Lattafa Petra","100","Eau de Parfum","55"
"184","LATTAFA","Lattafa Qaed Al Fursan","90","Eau de Parfum","35"
"185","LATTAFA","Lattafa Qaed Al Fursan Unlimited","90","Eau de Parfum","35"
"186","LATTAFA","Lattafa Qaed Al Fursan Untamed","90","Eau de Parfum","35"
"187","LATTAFA","Lattafa Qimmah for Men","100","Eau de Parfum","25"
"188","LATTAFA","Lattafa Sakeena","100","Eau de Parfum","45"
"189","LATTAFA","Lattafa Sehr","100","Eau de Parfum","50"
"190","LATTAFA","Lattafa Shaheen Gold","100","Eau de Parfum","35"
"191","LATTAFA","Lattafa Sheikh Al Shuyukh Luxe Edition","100","Eau de Parfum","40"
"192","LATTAFA","Lattafa Taweel","100","Eau de Parfum","45"
"193","LATTAFA","Lattafa Teriaq","100","Eau de Parfum","50"
"194","LATTAFA","Lattafa Teriaq Intense","100","Eau de Parfum","50"
"195","LATTAFA","Lattafa The Kingdom for Men","100","Eau de Parfum","40"
"196","LATTAFA","Lattafa The Kingdom for Women","100","Eau de Parfum","40"
"197","LATTAFA","Lattafa Thouq","80","Eau de Parfum","40"
"198","LATTAFA","Lattafa Vintage Radio","100","Eau de Parfum","40"
"199","LATTAFA","Lattafa Winners Trophy Gold","100","Eau de Parfum","40"
"200","LATTAFA","Lattafa Yara Candy","100","Eau de Parfum","30"
"201","LATTAFA","Lattafa Yara Elixir","100","Elixir","45"
"202","LATTAFA","Lattafa Yara","100","Eau de Parfum","40"
"203","LATTAFA","Lattafa Yara Moi","100","Eau de Parfum","30"
"204","LATTAFA","Lattafa Yara Tous","100","Eau de Parfum","40"
"205","LOMANI","Lomani AB Spirit Millionaire Women","100","Eau de Parfum","20"
"206","MAISON ALHAMBRA","Maison Alhambra Infini Elixir","100","Eau de Parfum","30"
"207","MAISON ALHAMBRA","Maison Alhambra Kismet for Women","100","Eau de Parfum","40"
"208","MONTBLANC","Montblanc Femme Individuelle","75","Eau de Toilette","45"
"209","MONTBLANC","Montblanc Lady Emblem","75","Eau de Parfum","45"
"210","MONTBLANC","Montblanc Lady Emblem Elixir","75","Eau de Parfum","55"
"211","MOSCHINO","Moschino Toy 2","100","Eau de Parfum","80"
"212","MOSCHINO","Moschino Toy 2 Bubble Gum","100","Eau de Parfum","75"
"213","MOSCHINO","Moschino Toy 2 Pearl","100","Eau de Parfum","80"
"214","ORIENTICA","Orientica Premium Royal Amber","100","Eau de Parfum","125"
"215","ORIENTICA","Orientica Premium Royal Bleu","80","Eau de Parfum","100"
"216","PARIS HILTON","Paris Hilton Gold Rush","100","Eau de Parfum","45"
"217","PARIS HILTON","Paris Hilton Just Me","100","Eau de Parfum","35"
"218","PARIS HILTON","Paris Hilton","100","Eau de Parfum","45"
"219","PARIS HILTON","Paris Hilton Pink Rush","100","Eau de Parfum","45"
"220","PARIS HILTON","Paris Hilton Rose Rush","100","Eau de Parfum","45"
"221","PARIS HILTON","Paris Hilton Ruby Rush","100","Eau de Parfum","45"
"222","PERRY ELLIS","Perry Ellis 360","100","Eau de Parfum","40"
"223","PERRY ELLIS","Perry Ellis 360 Red","100","Eau de Parfum","40"
"224","PRADA","Prada Luna Rossa Carbon Eau de Toilette","100","Eau de Toilette",""
"225","RALPH LAUREN","Ralph Lauren Big Pony 2 for Women","100","Eau de Toilette","40"
"226","RASASI","Rasasi Daarej Pour Femme","100","Eau de Parfum","45"
"227","RASASI","Rasasi Egra for Women","100","Eau de Parfum","35"
"228","RASASI","Rasasi Hawas Elixir","100","Eau de Parfum","55"
"229","RASASI","Rasasi Hawas for Her","100","Eau de Parfum","35"
"230","RASASI","Rasasi Hawas for Her Eclat","100","Eau de Parfum","35"
"231","RASASI","Rasasi Hawas for Him","100","Eau de Parfum","35"
"232","RASASI","Rasasi Hawas Kobra","100","Eau de Parfum","65"
"233","RASASI","Rasasi Hawas London","100","Eau de Parfum","75"
"234","RASASI","Rasasi Hawas Malibu","100","Eau de Parfum","65"
"235","RASASI","Rasasi La Yuqawam Orchid Prairie","75","Eau de Parfum","50"
"236","RAVE","Rave Now White","100","Eau de Parfum","35"
"237","RAVE","Rave Now Women","100","Eau de Parfum","35"
"238","RAYHAAN","Rayhaan Elixir","100","Eau de Parfum","50"
"239","REVLON","Revlon Ciara","68","Eau de Cologne","20"
"240","SALVATORE FERRAGAMO","Salvatore Ferragamo Signorina Eau de Toilette","100","Eau de Toilette","70"
"241","SALVATORE FERRAGAMO","Salvatore Ferragamo Signorina Leather Edition","100","Eau de Parfum","70"
"242","VALENTINO","Valentino Donna Born in Roma","100","Eau de Parfum",""
"243","VALENTINO","Valentino Donna Born in Roma Green Stravaganza","100","Eau de Toilette",""
"244","VALENTINO","Valentino Donna Born in Roma Intense","100","Eau de Parfum",""
"245","VALENTINO","Valentino Valentina 2025","50","Eau de Parfum",""
"246","VERSACE","Versace Red Jeans","75","Eau de Toilette","30"
"247","YSL","Yves Saint Laurent La Nuit de l'Homme","100","Eau de Toilette","150"
"248","ZIMAYA","Zimaya Tiramisu Caramel","100","Eau de Parfum","45"
"249","PACO RABANNE","Paco Rabanne Paco","100","Eau de Toilette","85"
"250","CREED","Creed Aventus","100","Eau de Parfum","580"
"251","MOSCHINO","Moschino Toy Boy","100","Eau de Parfum","70"
"252","DOLCE & GABBANA","Dolce & Gabbana The One Gold Eau de Parfum Intense","50","Eau de Parfum",""
"253","DOLCE & GABBANA","Dolce & Gabbana K by Dolce & Gabbana","100","Eau de Toilette","130"
"254","DOLCE & GABBANA","Dolce & Gabbana K Eau de Parfum","100","Eau de Parfum","110"
"255","VERSACE","Versace Eros Parfum","100","Parfum","120"
"256","VERSACE","Versace Eros Eau de Parfum","100","Eau de Parfum","120"
"257","PRADA","Prada Paradoxe Intense","90","Eau de Parfum",""
"258","MONTALE","Montale Arabians Tonka","100","Eau de Parfum","180"
"259","DIOR","Dior Homme Intense Eau de Parfum","100","Eau de Parfum","220"
"260","ARIANA GRANDE","Ariana Grande Cloud","100","Eau de Parfum","65"
"261","ARIANA GRANDE","Ariana Grande Cloud Intense","100","Eau de Parfum","75"
"262","ARIANA GRANDE","Ariana Grande Thank U Next","100","Eau de Parfum","65"
"263","RALPH LAUREN","Ralph Lauren Polo Black","125","Eau de Toilette","55"
"264","RALPH LAUREN","Ralph Lauren Polo 67","100","Eau de Toilette","95"
"265","RALPH LAUREN","Ralph Lauren Big Pony 1","100","Eau de Toilette","45"
"266","JEAN PAUL GAULTIER","Jean Paul Gaultier Scandal Pour Homme","100","Eau de Toilette","100"
"267","ARIANA GRANDE","Ariana Grande Ari","100","Eau de Parfum","55"
"268","GIORGIO ARMANI","Giorgio Armani My Way Ylang","90","Eau de Parfum","160"
"269","VALENTINO","Valentino Donna Born in Roma Coral Fantasy","100","Eau de Toilette",""
"270","RABANNE","Rabanne Fame Parfum","80","Parfum","200"
"271","CAROLINA HERRERA","Carolina Herrera CH Men Sport","100","Eau de Toilette","130"
"272","RABANNE","Rabanne Phantom Intense","100","Eau de Parfum","140"
"273","RABANNE","Rabanne Invictus Victory Absolu","100","Parfum","150"
"274","MARC JACOBS","Marc Jacobs Daisy","100","Eau de Toilette","100"
"275","ARIANA GRANDE","Ariana Grande Sweet Like Candy","100","Eau de Parfum","55"
"276","VIKTOR&ROLF","Viktor&Rolf Spicebomb Extreme","90","Eau de Parfum","90"
"277","VIKTOR&ROLF","Viktor&Rolf Flowerbomb Nectar","90","Eau de Parfum","155"
"278","GIVENCHY","Givenchy Ange ou Démon","100","Eau de Parfum","120"
"279","CAROLINA HERRERA","Carolina Herrera 212 VIP Black Elixir","100","Elixir","175"
"280","RABANNE","Rabanne 1 Million Gold Elixir","100","Elixir","150"
"281","CAROLINA HERRERA","Carolina Herrera Chic","100","Eau de Parfum","130"
"282","RABANNE","Rabanne Black XS for Her","80","Eau de Toilette","90"
"283","YVES SAINT LAURENT","Yves Saint Laurent Libre L'Eau Nue","50","Eau de Toilette",""
"284","LACOSTE","Lacoste Eau de Lacoste L.12.12 White","100","Eau de Toilette","70"
"285","VERSACE","Versace Eros Flame","100","Eau de Parfum","110"
"286","LE LABO","Le Labo Santal 33","50","Eau de Parfum",""
"287","PACO RABANNE","Paco Rabanne Paco XS","100","Eau de Toilette","85"
"288","RABANNE","Rabanne Black XS","100","Eau de Toilette","85"
"289","XERJOFF","Xerjoff Erba Pura","100","Eau de Parfum","320"
"290","TOM FORD","Tom Ford Velvet Orchid","50","Eau de Parfum",""
"291","AZZARO","Azzaro The Most Wanted Intense","100","Eau de Parfum","90"
"292","ARIANA GRANDE","Ariana Grande Cloud Pink","100","Eau de Parfum","75"
"293","ARIANA GRANDE","Ariana Grande Thank U Next 2.0","100","Eau de Parfum","75"
"294","RALPH LAUREN","Ralph Lauren Polo Red Eau de Parfum","125","Eau de Parfum","80"
"295","RALPH LAUREN","Ralph Lauren Polo Sport","125","Eau de Toilette","60"
"296","RALPH LAUREN","Ralph Lauren Ralph's Club","100","Eau de Parfum","85"
"297","JEAN PAUL GAULTIER","Jean Paul Gaultier Scandal Pour Homme Intense","100","Eau de Parfum","100"
"298","JEAN PAUL GAULTIER","Jean Paul Gaultier Le Beau Paradise Garden","125","Eau de Toilette","185"
"299","DOLCE & GABBANA","Dolce & Gabbana The One Pour Homme Eau de Parfum","100","Eau de Parfum","110"
"300","DOLCE & GABBANA","Dolce & Gabbana Light Blue Eau Intense Pour Homme","100","Eau de Parfum","85"
"301","CAROLINA HERRERA","Carolina Herrera CH Men","100","Eau de Toilette","130"
"302","RABANNE","Rabanne Phantom","100","Eau de Toilette","140"
"303","RABANNE","Rabanne Invictus Victory Elixir","100","Elixir","150"
"304","RABANNE","Rabanne Invictus Victory","100","Eau de Parfum","150"
"305","CAROLINA HERRERA","Carolina Herrera CH Men Hot Hot Hot","100","Eau de Parfum","130"
"306","MARC JACOBS","Marc Jacobs Perfect Eau de Toilette","100","Eau de Toilette","110"
"307","ARIANA GRANDE","Ariana Grande Mod Blush","100","Eau de Parfum","75"
"308","GIORGIO ARMANI","Giorgio Armani Acqua di Giò for Women","100","Eau de Toilette","100"
"309","HUGO BOSS","Hugo Boss Boss The Scent for Her","100","Eau de Parfum","90"
"310","CAROLINA HERRERA","Carolina Herrera 212 VIP Black","100","Eau de Parfum","175"
"311","RABANNE","Rabanne 1 Million","100","Eau de Toilette","150"
"312","CAROLINA HERRERA","Carolina Herrera 212 Heroes","100","Eau de Toilette","115"
"313","RABANNE","Rabanne Lady Million Royal","80","Eau de Parfum","110"
"314","RABANNE","Rabanne Fame Intense","80","Eau de Parfum","200"
"315","JEAN PAUL GAULTIER","Jean Paul Gaultier Le Beau","75","Eau de Toilette",""
"316","DOLCE & GABBANA","Dolce & Gabbana Light Blue Pour Homme","125","Eau de Toilette",""
"317","PRADA","Prada Paradoxe","90","Eau de Parfum",""
"318","RABANNE","Rabanne XS 2018","100","Eau de Parfum","85"
"319","CREED","Creed Millesime Impérial","100","Eau de Parfum","400"
"320","CREED","Creed Aventus Absolu","75","Eau de Parfum",""
"321","CAROLINA HERRERA","Carolina Herrera Bad Boy Le Parfum","100","Parfum","150"
"322","ESCADA","Escada Magnetism","75","Eau de Parfum","45"
"323","VERSACE","Versace Pour Femme Dylan Purple","100","Eau de Parfum","110"
"324","RALPH LAUREN","Ralph Lauren Polo Blue","125","Eau de Toilette","95"
"325","DOLCE & GABBANA","Dolce & Gabbana Light Blue Summer Vibes","100","Eau de Toilette","85"
"326","RABANNE","Rabanne Black XS for Her Eau de Parfum","80","Eau de Parfum","90"
"327","CAROLINA HERRERA","Carolina Herrera CH Pasión for Him","100","Eau de Toilette","130"
"328","CAROLINA HERRERA","Carolina Herrera 212 Sexy Men","100","Eau de Toilette","90"
"329","ARIANA GRANDE","Ariana Grande Moonlight","100","Eau de Parfum","80"
"330","MUGLER","Mugler Alien","90","Eau de Parfum","115"
"331","CALVIN","Calvin Klein Eternity for Men","100","Eau de Toilette","35"
"332","MONTBLANC","Montblanc Legend Spirit","100","Eau de Toilette","65"
"333","AZZARO","Azzaro Wanted Eau de Parfum","100","Eau de Parfum","110"
"334","VIKTOR&ROLF","Viktor&Rolf Spicebomb","90","Eau de Toilette","90"
"335","GIORGIO ARMANI","Giorgio Armani Acqua di Giò Profondo","100","Eau de Parfum","100"
"336","VIKTOR&ROLF","Viktor&Rolf Bonbon","50","Eau de Parfum",""
"337","CUBA","Cuba Paris Cuba Green","100","Eau de Toilette","15"
"338","BENETTON","Benetton Paradiso Inferno Blue","100","Eau de Toilette","20"
"339","NAUTICA","Nautica Voyage Sport","100","Eau de Toilette","25"
"340","GUESS","Guess Seductive Red Homme","100","Eau de Toilette","35"
"341","CALVIN","Calvin Klein CK One","200","Eau de Toilette","50"
"342","CALVIN","Calvin Klein CK One","100","Eau de Toilette","35"
"343","CALVIN","Calvin Klein CK Be","100","Eau de Toilette","30"
"344","CALVIN","Calvin Klein CK Be","200","Eau de Toilette","45"
"345","ARMAF","Armaf The Pride of Armaf for Men","100","Eau de Parfum","35"
"346","ANTONIO BANDERAS","Antonio Banderas The Golden Secret","100","Eau de Toilette","25"
"347","NAUTICA","Nautica Voyage Heritage","100","Eau de Toilette","25"
"348","MONTBLANC","Montblanc StarWalker","75","Eau de Toilette","45"
"349","MONTBLANC","Montblanc Legend Red","100","Eau de Parfum","70"
"350","MONTBLANC","Montblanc Legend Blue","100","Eau de Parfum","85"
"351","ISSEY MIYAKE","Issey Miyake L'Eau d'Issey Pour Homme","125","Eau de Toilette","90"
"352","ISSEY MIYAKE","Issey Miyake L'Eau d'Issey Pour Homme","200","Eau de Toilette","90"
"353","PARIS HILTON","Paris Hilton Gold Rush Man","100","Eau de Parfum","45"
"354","PERRY ELLIS","Perry Ellis Aqua Extreme","100","Eau de Toilette","35"
"355","ANTONIO BANDERAS","Antonio Banderas Black Seduction","200","Eau de Toilette","35"
"356","CALVIN","Calvin Klein Obsession for Men","200","Eau de Toilette","50"
"357","MONTBLANC","Montblanc Legend Night","100","Eau de Parfum","60"
"358","ANIMALE","Animale for Men","100","Eau de Toilette","40"
"359","ANTONIO BANDERAS","Antonio Banderas The Icon","100","Eau de Toilette","30"
"360","ADIDAS","Adidas Victory League","100","Eau de Toilette","15"
"361","ADIDAS","Adidas Pure Game","100","Eau de Toilette","15"
"362","MONTBLANC","Montblanc Explorer","100","Eau de Parfum","80"
"363","SALVATORE FERRAGAMO","Salvatore Ferragamo F by Ferragamo Pour Homme","100","Eau de Toilette","45"
"364","ISSEY MIYAKE","Issey Miyake L'Eau d'Issey Pour Homme Intense","75","Eau de Parfum","35"
"365","MAISON ALHAMBRA","Maison Alhambra Glacier Ultra","100","Eau de Parfum","30"
"366","ANTONIO BANDERAS","Antonio Banderas King of Seduction","100","Eau de Toilette","25"
"367","ANTONIO BANDERAS","Antonio Banderas King of Seduction Absolute","100","Eau de Toilette","25"
"368","NAUTICA","Nautica Voyage","200","Eau de Toilette","40"
"369","ADIDAS","Adidas Ice Dive","100","Eau de Toilette","15"
"370","MONTBLANC","Montblanc Explorer Platinum","100","Eau de Parfum","80"
"371","SALVATORE FERRAGAMO","Salvatore Ferragamo","100","Eau de Parfum","60"
"372","ISSEY MIYAKE","Issey Miyake Nuit d'Issey","125","Eau de Parfum","60"
"373","LACOSTE","Lacoste Booster","125","Eau de Toilette","70"
"374","PERRY ELLIS","Perry Ellis 360 Red for Men","100","Eau de Toilette","40"
"375","ANTONIO BANDERAS","Antonio Banderas Black Seduction","100","Eau de Toilette","25"
"376","ANTONIO BANDERAS","Antonio Banderas The Secret Absolu","100","Eau de Toilette","25"
"377","ANTONIO BANDERAS","Antonio Banderas The Secret","100","Eau de Toilette","25"
"378","ANTONIO BANDERAS","Antonio Banderas The Secret","200","Eau de Toilette","35"
"379","HUGO BOSS","Hugo Boss Hugo Man","125","Eau de Toilette",""
"380","BOUCHERON","Boucheron Pour Homme Collector Eau de Parfum","100","Eau de Parfum","50"
"381","HALLOWEEN","Halloween Man Mystery","125","Eau de Toilette","55"
"382","BENETTON","Benetton Colors de Benetton Man Blue","100","Eau de Toilette","25"
"383","NAUTICA","Nautica Voyage","100","Eau de Toilette","25"
"384","CALVIN","Calvin Klein Escape for Men","100","Eau de Toilette","35"
"385","MONTBLANC","Montblanc Emblem","100","Eau de Toilette","60"
"386","MONTBLANC","Montblanc Presence","75","Eau de Toilette","40"
"387","SALVATORE FERRAGAMO","Salvatore Ferragamo F by Ferragamo Black","100","Eau de Toilette","45"
"388","CALVIN","Calvin Klein Obsession for Men","125","Eau de Toilette","35"
"389","HUGO BOSS","Hugo Boss Hugo Dark Blue","75","Eau de Toilette","55"
"390","HALLOWEEN","Halloween Man","125","Eau de Toilette","55"
"391","ANTONIO BANDERAS","Antonio Banderas Blue Seduction","100","Eau de Toilette","25"
"392","BENETTON","Benetton Colors Man Black","100","Eau de Toilette","25"
"393","GUESS","Guess Seductive Homme","100","Eau de Toilette","35"
"394","HUGO BOSS","Hugo Boss Hugo XY","100","Eau de Toilette","45"
"395","SALVATORE FERRAGAMO","Salvatore Ferragamo Uomo","100","Eau de Parfum","60"
"396","NAUTICA","Nautica","100","Eau de Toilette","25"
"397","DAVIDOFF","Davidoff Cool Water","125","Eau de Toilette","60"
"398","MONTBLANC","Montblanc Legend Eau de Parfum","100","Eau de Parfum","60"
"399","ARAMIS","Aramis New West for Him","100","Eau de Toilette","55"
"400","BENETTON","Benetton Cold Silver","100","Eau de Toilette","20"
"401","MAISON ALHAMBRA","Maison Alhambra Glacier Pour Homme","100","Eau de Parfum","30"
"402","COFINLUXE","Cofinluxe Taxi","100","Eau de Toilette","20"
"403","HALLOWEEN","Halloween Man X","125","Eau de Toilette","55"
"404","JOOP!","Joop! Homme","125","Eau de Toilette","35"
"405","GUESS","Guess 1981 Los Angeles Men","100","Eau de Toilette","35"
"406","HUGO BOSS","Hugo Boss Boss Selection","100","Eau de Toilette","65"
"407","HUGO BOSS","Hugo Boss Unlimited","100","Eau de Toilette","65"
"408","HUGO BOSS","Hugo Boss Hugo Energise","75","Eau de Toilette","55"
"409","SEAN","Sean John I Am King","100","Eau de Toilette","45"
"410","ANTONIO BANDERAS","Antonio Banderas Power of Seduction","100","Eau de Toilette","25"
"411","BENETTON","Benetton Cold","100","Eau de Toilette","20"
"412","ANTONIO BANDERAS","Antonio Banderas The Icon Eau de Parfum","100","Eau de Parfum","30"
"413","NAUTICA","Nautica Blue","100","Eau de Toilette","25"
"414","ADIDAS","Adidas Dynamic Pulse","100","Eau de Toilette","15"
"415","GUESS","Guess Man Gold","75","Eau de Toilette","35"
"416","ESTÉE LAUDER","Estée Lauder Lauder for Men","100","Eau de Toilette","40"